{"accuracy": [0.7238805890083313, 0.9925373196601868, 1.0, 1.0, 1.0, 1.0, 1.0, 1.0, 1.0, 1.0, 1.0, 0.8208954930305481, 0.888059675693512, 0.9029850959777832, 0.9402984976768494, 0.9477611780166626, 0.9850746393203735, 0.9776119589805603, 0.9701492786407471, 1.0, 0.9850746393203735], "loss": [0.5335258841514587, 0.23289625346660614, 0.11468295753002167, 0.0492800697684288, 0.025017229840159416, 0.025753295049071312, 0.0287838876247406, 0.014583883807063103, 0.013407113030552864, 0.01181115210056305, 0.013137204572558403, 0.3928656578063965, 0.30711379647254944, 0.2898715138435364, 0.22213181853294373, 0.20805148780345917, 0.15843893587589264, 0.13934579491615295, 0.1695021241903305, 0.11102095246315002, 0.14055714011192322], "val_accuracy": [1.0, 1.0, 1.0, 1.0, 1.0, 1.0, 1.0, 1.0, 1.0, 1.0, 1.0, 1.0, 1.0, 1.0, 1.0, 1.0, 1.0, 1.0, 1.0, 1.0, 1.0], "val_loss": [0.611031711101532, 0.45702895522117615, 0.37135204672813416, 0.32489609718322754, 0.3036136031150818, 0.28723588585853577, 0.2804482877254486, 0.2742111086845398, 0.26872357726097107, 0.26383957266807556, 0.2592485249042511, 0.5920799970626831, 0.5629563331604004, 0.5330227613449097, 0.5067746639251709, 0.4810173809528351, 0.4658202528953552, 0.4485940933227539, 0.4320627748966217, 0.41641369462013245, 0.40681764483451843], "learning_rate": [9.999999747378752e-05, 9.999999747378752e-05, 9.999999747378752e-05, 9.999999747378752e-05, 9.999999747378752e-05, 9.999999747378752e-05, 9.999999747378752e-05, 9.999999747378752e-05, 9.999999747378752e-05, 9.999999747378752e-05, 9.999999747378752e-05, 9.999999747378752e-06, 9.999999747378752e-06, 9.999999747378752e-06, 9.999999747378752e-06, 9.999999747378752e-06, 4.999999873689376e-06, 4.999999873689376e-06, 4.999999873689376e-06, 4.999999873689376e-06, 4.999999873689376e-06]}